{
  "mean": [
    0.49139949679374695,
    0.48215848207473755,
    0.44653090834617615
  ],
  "std": [
    0.24703249335289001,
    0.2434852123260498,
    0.26158764958381653
  ]
}