{
  "mean": [
    0.4913996160030365,
    0.482158362865448,
    0.44653090834617615
  ],
  "std": [
    0.2470323145389557,
    0.2434851974248886,
    0.2615879476070404
  ]
}